id,username,created_at,lng,lat,text
1517397537287593984,RyanMontazer,Fri Apr 22 06:58:59 +0000 2022,-123.123581,49.257639,Here's how you can maximize the money you earn.#Investing #Market #Entrepreneurshiphttps://t.co/pSoV195bOO
1517397537379942400,happinessie,Fri Apr 22 06:58:59 +0000 2022,-118.4119065,34.0207895,missing my cat... ü•∫ü•∫ü•∫ https://t.co/aiqIK2bbjx
1517397547375075329,iiGoByV,Fri Apr 22 06:59:01 +0000 2022,-97.552161,35.4828435,@6akarii i love u more
1517397553884676099,SharifDKing,Fri Apr 22 06:59:03 +0000 2022,-76.8095495,42.0923545,"@HBCUSiriusXM142 @SIRIUSXM @HowardU @FAMU_1887 @VSU_1882 @_HamptonU Let‚Äôs include my Alma Mater, @DelStateUniv @DSUHornets ‚ù§Ô∏èüíôas well ‚úäüèæ‚úäüèæ‚úäüèæ"
1517397554178183169,AllenJDent1,Fri Apr 22 06:59:03 +0000 2022,-89.6596895,39.774345999999994,THE WOMEN HERE IN ILLINIOS IN ALL GROUPS LIKE SOCIAL SECURITY THE FEDS ROGUE SECRET SERVICE AND THE IDOC AND THE HO‚Ä¶ https://t.co/VNgjPLB8mR
1517397555331715073,AllenJDent1,Fri Apr 22 06:59:03 +0000 2022,-89.6596895,39.774345999999994,IM THE CURE TO AIDS AND CANCER AND RADIATION/ CHEMO WHICH IS CHEMICAL THERAPY IS WHAT CAUSES CANCER RADIATION IS US‚Ä¶ https://t.co/346OMwru6F
1517397555776299008,Carol96208870,Fri Apr 22 06:59:03 +0000 2022,-72.757385,41.500753,"https://t.co/8QTM3s404QThis does not add up, Biden's WH is spending billions plus Zelenskyy is demanding even mor‚Ä¶ https://t.co/AoUQ3RUwB1"
1517397556468326400,iseeyouisrael,Fri Apr 22 06:59:04 +0000 2022,-75.3864605,39.1450235,"i mean, he‚Äôs only 14."
1517397556447178753,iesuslophus,Fri Apr 22 06:59:03 +0000 2022,-118.4119065,34.0207895,@MiracleMileLA welcome rain!
1517397556778647553,AllenJDent1,Fri Apr 22 06:59:04 +0000 2022,-89.6596895,39.774345999999994,BUT MAKE IT SEEM LIJE ITS AN ANIMAL THAT IS OR A FLOWER WHEN REALLY ITS ME AND ACTUALLY THE TRUTH IS THEYBARE FEEDI‚Ä¶ https://t.co/aIqP4ZEWZt
1517397557655359489,SaintLouu,Fri Apr 22 06:59:04 +0000 2022,-73.86085700000001,40.944567500000005,"Skate key vibe. If you know, you know."
1517397557735010304,AllenJDent1,Fri Apr 22 06:59:04 +0000 2022,-89.6596895,39.774345999999994,I WAS WITH AND THESE IDIOTS ARE SO NASTY THEY ARE TAKING COPS SEMEN AND OTHER NASTY STUFF FROM PEOPLES NASTIES AND‚Ä¶ https://t.co/yHgkitpSZF
1517397562210275328,sashathumpa__,Fri Apr 22 06:59:05 +0000 2022,-84.541562,33.588263,Going to sleep to old school cartoons. Like Hey Arnold or Tom &amp; Jerry. &gt;&gt;&gt;&gt;&gt;
1517397564483506176,JayAviles95,Fri Apr 22 06:59:05 +0000 2022,-121.94729050000001,36.997949,I had to take a meano shit bruhhh
1517397565657939968,theMooOKiE,Fri Apr 22 06:59:06 +0000 2022,-118.4119065,34.0207895,#losangeles why is it raining??? https://t.co/9LWv1Bl7HT
1517397568371654656,BlueChele,Fri Apr 22 06:59:06 +0000 2022,-120.882482,47.273022,@igorsushko Glory to Ukraine
1517397575221104641,savagedrgn4u,Fri Apr 22 06:59:08 +0000 2022,-119.7824645,36.786041999999995,"Ok well here she is all clipped, lst &amp; defoliated https://t.co/DlvHzKSzcP"
1517397590265896961,MizzAlex83,Fri Apr 22 06:59:12 +0000 2022,-110.9155735,32.1893905,@joonconcerts Ioml üòçüòçüòç
1517397590098292737,kai_wavey,Fri Apr 22 06:59:12 +0000 2022,-74.7243235,40.073040500000005,Girl pls üôÑ https://t.co/Trtjv48nA1
1517397591020896256,xXWetTacoXx,Fri Apr 22 06:59:12 +0000 2022,-111.8808735,33.282450499999996,She‚Äôs back #belledellphine https://t.co/LWCA5MLDXH
1517397592073818114,skhaisthelimit,Fri Apr 22 06:59:12 +0000 2022,-84.266174,30.476215500000002,I heard ‚ÄòFirm &amp; Strong‚Äô by Popcaan on Power Book: Force for the first time &amp; i haven‚Äôt stopped listening to it sinc‚Ä¶ https://t.co/aqDe5rQvYe
1517397593474707456,AnnaHay99234294,Fri Apr 22 06:59:12 +0000 2022,-87.263447,41.5321345,@nypost Fakes news!! Majority of Americans are SO OVER the masks!!
1517397593570963456,YirbyV,Fri Apr 22 06:59:12 +0000 2022,-118.4119065,34.0207895,@GhostWolf1988 You're not annoying.
1517397595257196544,Str8_Official,Fri Apr 22 06:59:13 +0000 2022,-98.3073995,26.315171499999998,Ka Boom ü§Øüí• I just heard a powder keg go off in the distance #GOP this is the shit hitting the fan üí© #RepublicansLie‚Ä¶ https://t.co/S16nEzQwXz
1517397597849194496,benjamintmoore,Fri Apr 22 06:59:13 +0000 2022,-86.1429225,39.7795625,@Theresaroets911 Nope! I haven't seen it either. If I want to watch porn... I simply watch porn. I'm not going to p‚Ä¶ https://t.co/50utCLIhG2
1517397597392183296,NaturallyChrys,Fri Apr 22 06:59:13 +0000 2022,-78.837021,35.7561885,@livein_harmony Do I keep it like HR formal? The person who referred me is the mom of the kids I babysit and it‚Äôs h‚Ä¶ https://t.co/FNMZEhk5YN
1517397599208226816,AshleyPuma3,Fri Apr 22 06:59:14 +0000 2022,-93.2620465,44.9706105,@Starbucks please can someone come up with a caffeine free drink. Something that‚Äôs like the pink drink or dragon drink? üôèüèºü•∫
1517397601347284993,ccislandmami,Fri Apr 22 06:59:14 +0000 2022,-118.4119065,34.0207895,Ft? $5 onlyfans sale! üôäüíï The link is in the comments https://t.co/QcIsBxe3eT
1517397609144406016,beninboise,Fri Apr 22 06:59:16 +0000 2022,-116.238001,43.598033,@TJThomson5 Idaho‚Äôs scared (or just incapable) of electing RATIONAL lawmakers.
1517397609257869312,ASavageComeback,Fri Apr 22 06:59:16 +0000 2022,-87.732013,41.8335845,@DripLikeDestro Because Perioddddd baby! üíÖüèæ
1517397609614397440,FremontCanyonOC,Fri Apr 22 06:59:16 +0000 2022,-117.708361,33.811139,"At 23:51, the Fremont Canyon Weather Station reports sustained winds of 16 MPH (from the SW) with gusts to 24 MPH. RH:97% Temp: 52.0"
1517397620091723777,YounginGnat,Fri Apr 22 06:59:19 +0000 2022,-92.4367735,38.3045585,@Phemex_official Everyone meat Buddy https://t.co/crPjw9irzr
1517397621861752832,naijacat,Fri Apr 22 06:59:19 +0000 2022,-73.9487755,40.655138,someone who holds me accountable then holds me. who corrects me gently but firmly. someone who got my back !!! some‚Ä¶ https://t.co/g16SfOSK1P
1517397623107375106,quesadalila,Fri Apr 22 06:59:19 +0000 2022,-85.639164,38.183105499999996,my voice is gone LOL
1517397627549065216,jaredsmk6,Fri Apr 22 06:59:20 +0000 2022,-122.6020595,45.413492,@juliiibrooo Me too
1517397629352652803,SFnatives,Fri Apr 22 06:59:21 +0000 2022,-122.4359785,37.7706565,@KPIXtv * please note this is a menu from back in the day - not current prices.
1517397631076605952,katsocurly,Fri Apr 22 06:59:21 +0000 2022,-74.184848,40.734494,I b mia at work
1517397634641801216,navarfarynaxo,Fri Apr 22 06:59:22 +0000 2022,-87.732013,41.8335845,I used to beg my mom to buy me them every week‚Ä¶ I had so many of these and my room was filled with all the posters‚Ä¶ https://t.co/RzB5kOLAMO
1517397635266760704,tiskechris,Fri Apr 22 06:59:22 +0000 2022,-87.51077000000001,44.458195,Here is what I think:  I am no longer worried if tRump will be getting charged or any of these obvious criminal p‚Ä¶ https://t.co/b41rlKYKBu
1517397637292453889,EngineCo28,Fri Apr 22 06:59:23 +0000 2022,-118.4119065,34.0207895,@LAFDtalk üßëüèΩ‚Äçüöí on duty. Thank you for service.
1517397639062380545,arnoldbprice,Fri Apr 22 06:59:23 +0000 2022,-118.6311135,34.478413,"#Thursday 4/21/22:Home üè° on property ALL day ,never left property NOT once ,Damn STRAIGHT."
1517397641134362624,bradbowens7,Fri Apr 22 06:59:24 +0000 2022,-119.2289915,34.289689499999994,@sexyartistjutsu thanks
1517397642132684800,Scout20202,Fri Apr 22 06:59:24 +0000 2022,-119.30660750000001,37.2691755,@GOPChairwoman @RNCResearch @kayleighmcenany @GOPLeader @LeaderMcConnell the GOP has a massive epidemic w/ pedophil‚Ä¶ https://t.co/vutqjldgBy
1517397645605720064,ChatfieldFan,Fri Apr 22 06:59:25 +0000 2022,-105.132,39.587,Just posted a photo @ Chatfield Senior High School https://t.co/Su2oyIqqqy
1517397648038252545,HanneeChong,Fri Apr 22 06:59:25 +0000 2022,-157.799589,21.3199435,"Many of Mayer's Multimedia Principles are nuanced, which is to say, they work *given certain scenarios*"
1517397648705146880,itsjanetxo,Fri Apr 22 06:59:25 +0000 2022,-119.02516299999999,35.3469015,I have to be up in 4 hours :)
1517397649737007104,eyezuhhhh,Fri Apr 22 06:59:26 +0000 2022,-98.5406515,29.417501,ive been hungry all day üòê even after i eat pls
1517397650143817728,Daddyliz,Fri Apr 22 06:59:26 +0000 2022,-115.133373,36.24912449999999,@becauseimnaomi @xjayefaitala ü§£ we really are lmaoo
1517397655374209025,kaijurae,Fri Apr 22 06:59:27 +0000 2022,-86.1429225,39.7795625,I hit 400 followers on twitter!! So close to 500 not for from 1k!! üíïI‚Äôm expecting more sends soon for my accompli‚Ä¶ https://t.co/XafKwb2xNF
1517397662710267904,Leftistpunk96,Fri Apr 22 06:59:29 +0000 2022,-87.3221685,36.5509835,@LovePotionDrunk @BadBoiDeluxe ... youre right.
1517397665109184512,raisofsunshine,Fri Apr 22 06:59:29 +0000 2022,-96.29164850000001,30.585471499999997,holy shit i just got the fattest paycheck i think i‚Äôve ever gotten üò≠
1517397666728189957,djnoloturnup,Fri Apr 22 06:59:30 +0000 2022,-80.8467855,35.209058999999996,All we do is repeat what our HS coaches say. Ik I do üòÇ
1517397667902631938,johnnydough_,Fri Apr 22 06:59:30 +0000 2022,-75.22486746,39.95997069,I Got It visual out now on my @youtube channel üé•üçø Link in my bio @linktr.ee üå≤üî•üö®@alphamalerecords_ the label üë®üèæ‚Äçüíº‚Ä¶ https://t.co/m5F33EIXfG
1517397675066286080,BondageboySF,Fri Apr 22 06:59:32 +0000 2022,-122.4359785,37.7706565,All I‚Äôve been wanting lately is to be a full rubber gimp pig who is locked away in a dungeon for days or longer and‚Ä¶ https://t.co/rkjw4vQ8JR
1517397677889232896,Valdeana,Fri Apr 22 06:59:32 +0000 2022,-92.43083899999999,35.0731115,My white side vs my black side üòÇ https://t.co/kfwAbS1Lep
1517397680426790912,MisterWes_,Fri Apr 22 06:59:33 +0000 2022,-73.9685415,40.780709,"Seriously, what‚Äôs in the closets? I‚Äôm confused‚Äîok GN"
1517397682595241984,AFALLENONE1,Fri Apr 22 06:59:34 +0000 2022,-90.24782400000001,38.653771,@Sleezy__Breezy I fucking love cruising sleazy Johns with graffiti and love kneeling in piss to service guys!
1517397686843887617,amiradelagarza,Fri Apr 22 06:59:35 +0000 2022,-112.12467649999999,33.5528625,@JessicaSkarin I reported him then blocked himn He's a troll trying to get people to send money to him via his website.
1517397689264050176,michael_k_woods,Fri Apr 22 06:59:35 +0000 2022,-119.30660750000001,37.2691755,Tucker is such an idiot when it comes to foreign policy. He brings up the most jejune shit and acts like there‚Äôs something wrong with you.
1517397689113010182,____shewolf,Fri Apr 22 06:59:35 +0000 2022,-116.33487650000001,34.1274155,Oh hey bestie ‚ù§Ô∏è https://t.co/zpBZMIZPhB
1517397689821974528,Dsquared75,Fri Apr 22 06:59:35 +0000 2022,-77.101999,38.8808445,Lordy there are tapes proving @GOPLeader is a LIAR and a #Coward
1517397699288465408,lilnbb,Fri Apr 22 06:59:38 +0000 2022,-119.30660750000001,37.2691755,i posted on my story ‚Äúi hate m3n‚Äù and one of the men i was talking anout responds ‚Äúnot me tho‚Äù I‚Äî‚Äî‚Äî
1517397711833632768,lilcheeesestick,Fri Apr 22 06:59:41 +0000 2022,-117.104989,32.810012,I‚Äôm doing both Coachella‚Äôs next year. No one let me back out. Pls and thank you.
1517397712429150208,itsjanetxo,Fri Apr 22 06:59:41 +0000 2022,-119.02516299999999,35.3469015,ü´∂üèº .gooodnight
1517397714266247169,PendergastBen,Fri Apr 22 06:59:41 +0000 2022,-122.3306025,47.614817,@PinkLumenade @FilamentFrenzy @joeltelling @FilamentStories @UncleJessy4Real @grafitomi @wekster2507 @dddpworld‚Ä¶ https://t.co/nwtteXdVps
1517397715428196353,blamellors,Fri Apr 22 06:59:41 +0000 2022,-76.74663849999999,38.9637825,@GOPLeader Tell that to Black people traitors. J6
1517397716019650560,ItsTexasT03,Fri Apr 22 06:59:42 +0000 2022,-100.0768885,31.1688935,@Kupcakekami No Twitter
1517397717864964096,lost_foo,Fri Apr 22 06:59:42 +0000 2022,-116.237907,33.7446325,Parked my car before midnight LFG
1517397719937167361,gilbertumusic,Fri Apr 22 06:59:42 +0000 2022,-107.025,37.268,"Just posted a photo @ Pagosa Springs, Colorado https://t.co/9GtaZ49cTd"
1517397728409522176,dan__brummitt,Fri Apr 22 06:59:44 +0000 2022,-86.27053950000001,45.001180000000005,"#Society6: Did someone say 30% OFF? Yep, we sure did. Use code SPRING30 at checkout! -&gt; https://t.co/ZDwPTWGxf5‚Ä¶ https://t.co/Wlu3SkjmHO"
1517397728665296896,indnstar,Fri Apr 22 06:59:45 +0000 2022,-118.3598605,33.758770999999996,More testing at @NASAStennis but this time of @launcher's E-2 rocket engine with a 3D printed combustion chamber. P‚Ä¶ https://t.co/KT4QqYHYuY
1517397729051353089,rdgreen,Fri Apr 22 06:59:45 +0000 2022,-97.95933600000001,30.3083685,"@pmarca Does Barry have a ""North Star"" that doesn't involve money?"
1517397735137329153,iamPeteiam,Fri Apr 22 06:59:46 +0000 2022,-77.60468399999999,41.1179365,@KaivanShroff @LaurePerlee Kind of like how Abbott cost Texas and the US a ton of money for his campaign with his inspection ploy.
1517397735212789760,candylover1956,Fri Apr 22 06:59:46 +0000 2022,-97.4060975,31.1104765,@bikmazd3 You will always be the love of my life you're the best of the best no that you will always remain in my h‚Ä¶ https://t.co/nmluEQtxXn
1517397735174934528,strippersfresno,Fri Apr 22 06:59:46 +0000 2022,-119.7824645,36.786041999999995,Perfect 10 Entertainment            Call to Book 559-681-2270#fresnostrippers #fresnostripper  #stripperfresno‚Ä¶ https://t.co/x12c7Xw58q
1517397736290766848,Leftistpunk96,Fri Apr 22 06:59:46 +0000 2022,-87.3221685,36.5509835,"@LovePotionDrunk @BadBoiDeluxe In the same vein, Illumi too"
1517397739998380034,Sykez526,Fri Apr 22 06:59:47 +0000 2022,-111.931711,34.1682535,Always loved Lil‚Äô Kim Fr üî•ü§òüèΩ
1517397742368305153,BMu6da665,Fri Apr 22 06:59:48 +0000 2022,-77.5979445,35.2754815,Reading is fundamental https://t.co/sYhoh6kNyq
1517397745597771776,official_chad,Fri Apr 22 06:59:49 +0000 2022,-166.5996925,23.6913645,@JanJak_AMC @RizoStonks @txt2art @SandiBu14619397 @koryamc1 @AMCbiggums @BossBlunts1 @EduardBrichuk @HangLoose1337‚Ä¶ https://t.co/fPcOvJjkTk
1517397754267541511,Oklahom0,Fri Apr 22 06:59:51 +0000 2022,-97.552161,35.4828435,@EvanDuane Did you have a small stroke?
1517397757815783426,Not_Applicable_,Fri Apr 22 06:59:52 +0000 2022,-118.4119065,34.0207895,@DanceNhiphop Witchcraft
1517397758491176960,ItsJonDent,Fri Apr 22 06:59:52 +0000 2022,-90.24782400000001,38.653771,I bought the new @CriticalMusic comp blindly because....well its fucking Critical.Half the IDs I'm looking for ar‚Ä¶ https://t.co/L8OHS1gzn7
1517397760244211712,Gravemindefile1,Fri Apr 22 06:59:52 +0000 2022,-117.6732545,33.9873325,"@Mattigar Put ""the"" between ""your shit"" tbh, it may not change anything but it makes me laugh as attitude is everyt‚Ä¶ https://t.co/KtEStVJ8P5"
1517397761313845248,girlwiththeplur,Fri Apr 22 06:59:52 +0000 2022,-116.36129700000001,33.7405385,@krystlvr Ily and imy cutie ü•∞
1517397766577606657,zeguo4,Fri Apr 22 06:59:54 +0000 2022,-111.7375655,33.4057545,@maozedongguilai this is my duty
1517397766581805057,ijayt205,Fri Apr 22 06:59:54 +0000 2022,-115.223125,36.232915,@DwainJr @theebanthony ü•π memories https://t.co/7asWwxl7oX
1517397767701868544,JohnGar79052614,Fri Apr 22 06:59:54 +0000 2022,-87.1023995,37.765135,???? Well you're m.i.a. now too?!?
1517397771388481536,JessicaGottlieb,Fri Apr 22 06:59:55 +0000 2022,-118.4119065,34.0207895,Mother‚Äôs Day is coming up and my inbox is full of gift ideas for mom. I promise you she doesn‚Äôt want gold dipped‚Ä¶ https://t.co/RAOofMDzJC
1517397777025617921,dan__brummitt,Fri Apr 22 06:59:56 +0000 2022,-83.099288,42.3527865,"#Society6: Did someone say 30% OFF? Yep, we sure did. Use code SPRING30 at checkout! -&gt; https://t.co/ZDwPTWGxf5‚Ä¶ https://t.co/PhOAMWcRFy"
1517397777076027393,lihanlihan,Fri Apr 22 06:59:56 +0000 2022,-122.418579,37.778931,Task force members immediately called to adjourn the meeting after the final vote as Tenderloin activists spoke out‚Ä¶ https://t.co/EMS1ZPVEau
1517397779265425408,behmcreative,Fri Apr 22 06:59:57 +0000 2022,-97.754724,30.323345500000002,"For you night owls, here‚Äôs the new podcast. Lots of talk about how film can be a portal into the past or a way to s‚Ä¶ https://t.co/Kg6r91Qbp6"
1517397780435808257,AftonAphmau,Fri Apr 22 06:59:57 +0000 2022,-92.13127399999999,34.7519365,@DestroyerKiev Z73: I am just depressed is all
1517397783900213249,GARDENER2009,Fri Apr 22 06:59:58 +0000 2022,-81.4766765,28.1402165,@4m_action @TonyKerrX Hot sir
1517397785489903617,zoyayaseka,Fri Apr 22 06:59:58 +0000 2022,-118.2445,34.0564,"Just posted a photo @ Los Angeles, California https://t.co/4W9Xf0jCgO"
1517397790040543232,FirePhotoGirl,Fri Apr 22 06:59:59 +0000 2022,-117.294096,34.134924999999996,@PupscanLA Awesome :)
1517397795455393792,itsdeejayaf,Fri Apr 22 07:00:00 +0000 2022,-119.71069449999999,39.574216500000006,@ashjes_ Oh my goodness! ü§§ü§§ü§§üòçüòò
1517397796701319168,mjk64_,Fri Apr 22 07:00:01 +0000 2022,-88.110264,41.568604,"At this point, I no longer say ‚Äúwhat are the odds‚Äù because the amount of ‚Äúcoincidences‚Äù that have happened in the l‚Ä¶ https://t.co/CBRocLzv2k"
1517397798890573825,ughmazingbryana,Fri Apr 22 07:00:01 +0000 2022,-118.4119065,34.0207895,I‚Äôm tired of all these handsome Asian men on Tiktok being like ‚ÄúI want a big booty Latina‚Äù and here I am‚Ä¶waiting‚Ä¶
1517397801088561153,daniellecmalkin,Fri Apr 22 07:00:02 +0000 2022,-86.791549,36.200008,@Gio_Delfa ABSOLUTELY KILLING it reporting live in Denver. Way to go best friend.
1517397801960976384,moutoncovewx,Fri Apr 22 07:00:02 +0000 2022,-92.218675,29.875016,71.2F (Feels: 74.1F) - Humidity: 92% - Wind: 4.7mph ESE - Gust: 4.7mph - Pressure: 30.172in #weather https://t.co/75yzNJ23Eh
1517397805287063556,BrittneySearig2,Fri Apr 22 07:00:03 +0000 2022,-86.6874775,33.6965535,My spiritual advisor asked you a question cordero Check out China Doll Brittney's video! #TikTok https://t.co/9jfRMesSwu
1517397806876610561,gritgrind,Fri Apr 22 07:00:03 +0000 2022,-89.92202900000001,35.1335205,Remember this tweet. Desmond Bane will be in the Hall of Fame before Klay. Book that shit.
1517397814933819392,kevcasterr,Fri Apr 22 07:00:05 +0000 2022,-118.13196400000001,34.17731,It‚Äôs crazy how heavy and popular knocked loose is. People think you gotta be this and that to be successful but thi‚Ä¶ https://t.co/SS5AYQ1Xgl
1517397815894462465,BYDNEYY,Fri Apr 22 07:00:05 +0000 2022,-97.1356375,32.70185,finally found me a bonnet that i like üò≠ https://t.co/SmwAVLi2YU
1517397816150134784,J0rricks,Fri Apr 22 07:00:05 +0000 2022,-123.3583795,48.4267305,@Ditch97337218 He is the sea monster https://t.co/k7hUZsB74s
1517397817081401344,defrogme,Fri Apr 22 07:00:06 +0000 2022,-78.57027778,43.05666667,"Wind 0 mph -. Barometer 30.37 in, Rising. Temperature 41.9 ¬∞F. Rain today 0.00in. Humidity 22%"
1517397817009967105,BondGirls143,Fri Apr 22 07:00:06 +0000 2022,-120.58340150000001,44.1454365,@tweettruth2me I'd like to start with porn being on a separate net address so I don't have to see that just trying‚Ä¶ https://t.co/qmM49Bi5Hh
1517397817416945664,Jydex91,Fri Apr 22 07:00:06 +0000 2022,-87.732013,41.8335845,"@wasprin101 @ConnCFC @CFCMnotho Loool it‚Äôs pep bro, he will find a way to use 2 of them"
1517397825146998786,c5bill98,Fri Apr 22 07:00:08 +0000 2022,-71.50138889,42.36916667,"Wind 1 mph WSW. Barometer 30.21 in, Falling slowly. Temperature 48.6 ¬∞F. Rain today 0.00in. Humidity 74%"
1517397826266755072,BondageboySF,Fri Apr 22 07:00:08 +0000 2022,-122.4359785,37.7706565,"@GayBladeFF Yes SIR I did, so please don‚Äôt let me take it back now"
1517397826887581698,urass,Fri Apr 22 07:00:08 +0000 2022,-74.066663,40.7180015,Happy Birthday üéÇ ü•≥ üéâ @commiexmommie
1517397831686008834,Rick_K3TOW,Fri Apr 22 07:00:09 +0000 2022,-76.05555556,41.17555556,"Wind 0 mph -. Barometer 30.29 in, Falling slowly. Temperature 41.8 ¬∞F. Rain today 0.00in. Humidity 94%"
1517397834466840576,Officerfriend07,Fri Apr 22 07:00:10 +0000 2022,-86.791549,36.200008,Now I'm verified As an officer. Of the law as well as a united states marine wow wish I had the video to go with that actually
1517397835435573251,SaulAlejandr00,Fri Apr 22 07:00:10 +0000 2022,-122.2286855,37.791994,"I‚Äôm a huge @RandyOrton fan and it‚Äôs tough to pick only one version of him, but I always liked the Legend Killer"
1517397836094218248,TVreporter,Fri Apr 22 07:00:10 +0000 2022,-83.1480435,42.579003,Good Morning! Wait.. what time is it? ü§îü•±
1517397838317031425,roseburgweather,Fri Apr 22 07:00:11 +0000 2022,-123.341736,43.216503,Temperature: 46.0 F (7.8 C)Relative Humidity: 88%Wind: CalmSky conditions: overcast
1517397839504199680,robert4hair,Fri Apr 22 07:00:11 +0000 2022,-97.0285045,33.110789,@wahlprof The Big Mag has some power!!! Almost like a corded detachable. It‚Äôs great for debulking. I just wish it c‚Ä¶ https://t.co/9GQwYCR6qP
1517397840133206017,JessicaGottlieb,Fri Apr 22 07:00:11 +0000 2022,-118.4119065,34.0207895,@DaveyMartinez85 @amazon That‚Äôs how it should be.
1517397840716251155,U2443060,Fri Apr 22 07:00:11 +0000 2022,-98.5406515,29.417501,"@boujieangelina Lone Star Family and Companies, LLC. USA ""Born in Texas ""  and ""  Branded for Life"", https://t.co/oOHmg6XdQ2"
1517397842561802240,AnnaHay99234294,Fri Apr 22 07:00:12 +0000 2022,-87.263447,41.5321345,@newsmax AWESOME!!
1517397843182465025,LatinaComm,Fri Apr 22 07:00:12 +0000 2022,-117.0226945,38.502147,@vanessamari22 @AERA_EdResearch @FulbrightSchlrs @FulbrightPrgrm @FulbrightUY I will never get tired of thanking yo‚Ä¶ https://t.co/MzZ0LzOnUH
1517397843408994304,G00BYDOOBY,Fri Apr 22 07:00:12 +0000 2022,-104.9775855,39.809642999999994,@WubzBabyK @zingaramusic SHES A QUEEN
1517397843220254720,JoeShow68347212,Fri Apr 22 07:00:12 +0000 2022,-71.02134,42.256124,@DarrellGoolsby3 @DonaldJTrumpJr Most valuable words on a desk.üë§Boston media.@CityofQuincyüõ°Ô∏èCity of PresidentsI‚Ä¶ https://t.co/IJGvANKPyJ
1517397846718394368,calhounprod,Fri Apr 22 07:00:13 +0000 2022,-86.791549,36.200008,"The Alpha Theta Chapter of Kappa Alpha Psi Fraternity, Inc. ‚ô¶Ô∏è@atng1931 @atng_alumni @alphatheta_ng strolling at Ti‚Ä¶ https://t.co/AodsDJJRNr"
1517397855304134657,thebayanng,Fri Apr 22 07:00:15 +0000 2022,-95.228714,29.6606815,Sooo I‚Äôm hanging w a ‚Äú friend‚Äù and tell me why he said ‚Äú I‚Äôm so in love with you‚Äù then proceeded to MAKE OUT W MY E‚Ä¶ https://t.co/5HuY4zFgGK
1517397860932796416,Beanisback2,Fri Apr 22 07:00:16 +0000 2022,-91.0907995,30.4591,@beerrttybrates They probably know its over and just did it to get it outta the way
1517397863810043905,mikeysneakerss,Fri Apr 22 07:00:17 +0000 2022,-122.4359785,37.7706565,what would happen if I started going by a diff name im so serious
1517397865190117376,Humbl3Gentleman,Fri Apr 22 07:00:17 +0000 2022,-80.307064,25.976124,"I know that feeling Franklin felt! That rage after betrayal, after being fucked over, &amp; more!!!"
1517397868289695745,danwarren6,Fri Apr 22 07:00:18 +0000 2022,-79.2725695,43.629311,@VSKMakeup Let's just forget this game even happened . Shall we lol
1517397873033453568,falconfiend2,Fri Apr 22 07:00:19 +0000 2022,-98.5406515,29.417501,"Originally, I‚Äôm guessing Garrett Wilson is inside the top 20 but why not put Olave who has the same speed and is ta‚Ä¶ https://t.co/50kkL0Bq9w"
1517397873175908353,alex_lailson,Fri Apr 22 07:00:19 +0000 2022,-119.30660750000001,37.2691755,Just in time üòåü§™ https://t.co/7CTDyXNp61
1517397878334844929,backdoorTONE,Fri Apr 22 07:00:20 +0000 2022,-118.4119065,34.0207895,Prob some more wurk.
1517397878817370114,mena_gonzalo,Fri Apr 22 07:00:20 +0000 2022,-87.732013,41.8335845,@y0b1byte Not what you are looking for but perhaps the opposite (nonetheless I cite it because I believe it is a gr‚Ä¶ https://t.co/VsMduO1r3W
1517397882688528384,LivingDeadNicol,Fri Apr 22 07:00:21 +0000 2022,-119.7824645,36.786041999999995,Dreamed of @aoimioaoimio beautiful island! pt. 1 https://t.co/ztuInySgH9
1517397885402238976,TreyLongz3X,Fri Apr 22 07:00:22 +0000 2022,-119.30660750000001,37.2691755,"So This Post Leads To Me Being Called Unprofessional, Me Being Blocked And Having My Professional Porn Career Threa‚Ä¶ https://t.co/gefmuyKG4Q"
1517397888229384192,nw3,Fri Apr 22 07:00:23 +0000 2022,-82.936399,39.964856499999996,Amazing you‚Äôd think a homeowner is stuck. I didn‚Äôt realize this wasn‚Äôt the case until I bought a house.
1517397894101225472,dan__brummitt,Fri Apr 22 07:00:24 +0000 2022,-83.040093,42.3474935,"#Society6: Did someone say 30% OFF? Yep, we sure did. Use code SPRING30 at checkout! -&gt; https://t.co/ZDwPTWGxf5‚Ä¶ https://t.co/OxKd4Cw3I9"
1517397895250554880,KhloeLaBella,Fri Apr 22 07:00:24 +0000 2022,-155.087773,19.697713,Can‚Äôt Waitü§§
1517397892029321216,alexrhoffman,Fri Apr 22 07:00:24 +0000 2022,-122.3306025,47.614817,"Happy birthday, @space_needle! ü•≥ There's something very special about the sound of rain and the sight of a magnific‚Ä¶ https://t.co/PQJO4brhZ1"
1517397897779851266,BethelJanice,Fri Apr 22 07:00:25 +0000 2022,-75.3864605,39.1450235,"@bobbisamah7 @karenhunter Thank you, I‚Äôm ordering one for me and my husband today!!!"
1517397899449016322,JustBe1ngHonest,Fri Apr 22 07:00:25 +0000 2022,-118.4119065,34.0207895,VLone got some solid shit.
1517397904482254849,blushfulbelle,Fri Apr 22 07:00:26 +0000 2022,-74.0007613,40.7207559,Candy Colored Shoes for Spring   https://t.co/cLwLBq4TlW
1517397907351109632,AleksEnglish,Fri Apr 22 07:00:27 +0000 2022,-119.30660750000001,37.2691755,Chillin
1517397908395421696,MS_ZORRo77,Fri Apr 22 07:00:27 +0000 2022,-121.30042549999999,37.980826,@RipleyDrifter @AiG So pick God not a religion
1517397912183058435,1o1Adam,Fri Apr 22 07:00:28 +0000 2022,-88.54921,43.4963395,Play Coin Master with me! https://t.co/cjNO4zl4R5
1517397913911107584,JayJay56477580,Fri Apr 22 07:00:29 +0000 2022,-83.3148415,42.293493,@namastezenon I been sober going on 17 years. So I think I got everyone beat
1517397913479094272,kaijurae,Fri Apr 22 07:00:29 +0000 2022,-86.1429225,39.7795625,I hit 400 followers on twitter!! So close to 500 not for from 1k!! üíïI‚Äôm expecting more sends soon for my accompli‚Ä¶ https://t.co/bN8UZYLjtz
1517397915735511040,wavupnxt,Fri Apr 22 07:00:29 +0000 2022,-112.4249755,33.4128725,This new Tory lanez drop got me feelin like a peak Lightskin @torylanez
1517397917178417152,HuffsHoops,Fri Apr 22 07:00:30 +0000 2022,-88.7537095,41.927807,@FanDuel @MichaelVick @nflthrowback EA Sports Madden NFL 2004
1517397920869462019,Three_Ninjas,Fri Apr 22 07:00:30 +0000 2022,-90.030948,29.8731515,"""wherever you get your podcasts"" is a ubiquitous phrase yet it does not make me want to fill my ears with concrete.‚Ä¶ https://t.co/zFmOw7gvMg"
1517397922429739010,MathiasSsemanda,Fri Apr 22 07:00:31 +0000 2022,-77.904653,40.8028355,@OcenIdusso It may not but will drastically reduce. It seems the new president of DRC is trying to make major refor‚Ä¶ https://t.co/jTGVx11P4B
1517397924229042177,KeithKlub,Fri Apr 22 07:00:31 +0000 2022,-73.95,40.65,"Just posted a photo @ Brooklyn, New York https://t.co/KxiILva3Jk"
1517397927047536640,skiante_warrior,Fri Apr 22 07:00:32 +0000 2022,-105.205861,39.66538,thank you @Subtronics for an amazing first cyclops rocks üíö https://t.co/e1OZWfI4yg
1517397929383841792,danwarren6,Fri Apr 22 07:00:32 +0000 2022,-79.2725695,43.629311,@KrisStellick Poor you
1517397930080043008,BondageboySF,Fri Apr 22 07:00:33 +0000 2022,-122.4359785,37.7706565,@napoleonga @Pigslave4S Fuck! One day I‚Äôll be able to take that huge fucking toy as easily as you!
1517397933603315713,NicholasGuwop,Fri Apr 22 07:00:33 +0000 2022,-73.9685415,40.780709,"Bonita Applebum, I gotta put you on, ifI didn't when we cuttin', the feeling'll be too strong"
1517397934312099840,MsJessicaGamble,Fri Apr 22 07:00:34 +0000 2022,-117.874032,33.617638,@heathermpierce @KMsales15 He needs Bill jr to grind for him first üíÖüèª
1517397936405377026,Austin_white13,Fri Apr 22 07:00:34 +0000 2022,-83.3997795,33.9563835,above 6‚Äô2 is tall bottom territory üôÖüèª‚Äç‚ôÇÔ∏è
1517397937780715520,vudaism,Fri Apr 22 07:00:34 +0000 2022,-119.165389,34.181956,@percules_ autumn &gt; michael jackson
1517397938707832832,getmangledson,Fri Apr 22 07:00:35 +0000 2022,-95.538134,30.337514,!!!!!!!!!! I UPDATED MY PHONE !!!!!!!!!!ü´•ü´°ü´†ü´£ü§•üòµ‚Äçüí´üòµü´∂üèªü´¶üññüèªüë∞üèª‚Äç‚ôÄÔ∏èüë∞üèª‚Äç‚ôÇÔ∏èü´Éüèªüôéüèª‚Äç‚ôÄÔ∏èüë®üèª‚Äçü¶ºüë©üèª‚Äç‚ù§Ô∏è‚Äçüíã‚Äçüë©üèªüë©‚Äçüë©‚Äçüëß‚Äçüë¶ü™¢üë®‚Äçüëßü•ªüê∫ü™≥ü¶üüêûüêäü¶ßüê≤ü™∫ü™∑üå∫üåíü´ßü´ëü´ïü´óü•èüéø‚Ä¶ https://t.co/XeW6i5tY4T
1517397942650425344,wbkjenniek,Fri Apr 22 07:00:36 +0000 2022,-118.662606,34.13726,About to eat a poke bowl https://t.co/0VbUWA889x
1517397943501811713,VivanMarwaha,Fri Apr 22 07:00:36 +0000 2022,-122.3306025,47.614817,@BDUTT I‚Äôve been hearing great things about it! Signed copy when I‚Äôm back please :)
1517397943325708289,pethusbando,Fri Apr 22 07:00:36 +0000 2022,-76.66426899999999,39.20952,Redid this and uhhhh https://t.co/WWUBQIg6Rj
1517397945011871745,Ish1da,Fri Apr 22 07:00:36 +0000 2022,-94.3783325,39.0880045,@scottskmiller Make sure tha sushi is F R E S H https://t.co/u9wCdFTk5o
1517397948283318272,sireenaloves,Fri Apr 22 07:00:37 +0000 2022,-121.3007305,38.7631605,"Ima call you big red, cus you always mad lol turn that big frown upside Down"
1517397949633900544,benhamdos,Fri Apr 22 07:00:37 +0000 2022,-108.562922,45.7974455,there‚Äôs a lot of untapped potential here
1517397949529079809,sh4ine_binladen,Fri Apr 22 07:00:37 +0000 2022,-90.011008,29.982601,That one time when I get shot in my leg https://t.co/6yFFQAgCe7
1517397951043149833,ufoteacher,Fri Apr 22 07:00:38 +0000 2022,-106.662024,35.296183,Visit https://t.co/2rGkG7okel #ufoteacher #medium #writer #writerslife #articles #stories #advice #lifelessons https://t.co/vkSxnLOedj
1517397957045223424,JadonRosendo,Fri Apr 22 07:00:39 +0000 2022,-115.135165,36.0609645,Merch coming TOMORROW!!! Get you some also we have hats now toooo https://t.co/zBWuT0ohZk
1517397957330423808,MarketSourceJob,Fri Apr 22 07:00:39 +0000 2022,-93.4687489,44.9211836,"Are you looking to work somewhere with a culture of performance, customer satisfaction, innovation and continuous i‚Ä¶ https://t.co/6BMqQQOXI2"
1517397961436798976,rinardgade2k18,Fri Apr 22 07:00:40 +0000 2022,-94.227371,42.720886500000006,Don‚Äôt forget tomorrow‚Äôs earth day
1517397963995189248,indnstar,Fri Apr 22 07:00:41 +0000 2022,-118.3598605,33.758770999999996,Talk about absolutely stunning!
1517397966180569089,JohnGar79052614,Fri Apr 22 07:00:41 +0000 2022,-87.1023995,37.765135,"Lmao To join the meeting on Google Meet, click this link: https://t.co/h4wlFE2pF9  Or open Meet and enter this c‚Ä¶ https://t.co/MpL8umCwMc"
1517397967249969152,LupeLLerenas,Fri Apr 22 07:00:41 +0000 2022,-118.4119065,34.0207895,I‚Äôm a lyrics*
1517397968889925632,MadisonLng18,Fri Apr 22 07:00:42 +0000 2022,-117.32087899999999,33.226316,@MuellerSheWrote @MalloryMcMorrow @DNC @dccc We need voices like her‚Äôs every day. I personally think Democrats in D‚Ä¶ https://t.co/qv4G91U6Ca
1517397976284606465,sweetgrassofhtx,Fri Apr 22 07:00:44 +0000 2022,-95.44648649999999,29.838495,"We will be accepting orders soon, we will also be posting a lot of our sweets and treats available and just an FYI,‚Ä¶ https://t.co/AZYARrB1aa"
1517397979363041280,valesvergaval,Fri Apr 22 07:00:44 +0000 2022,-117.3630675,34.531222,Ok I need to stop being sad
1517397981728854032,retuta,Fri Apr 22 07:00:45 +0000 2022,-73.964127,40.679268,#365 2022.04.21: Buying a New Plant to Reduce Anxiety and Existential Dread. https://t.co/VfEM7lqbA9
1517397981858783233,ChaseChowder,Fri Apr 22 07:00:45 +0000 2022,-90.011008,29.982601,"The Junkyard Jam Tour starts tomorrow.New Orleans, you‚Äôre upüöú https://t.co/Lqwvhrrz16"
1517397983742111744,MikeSchmidt_eth,Fri Apr 22 07:00:45 +0000 2022,-73.723025,45.557830499999994,@OberaiJassi Jassi you are the whole ocean
1517397984455147520,Shady7769,Fri Apr 22 07:00:46 +0000 2022,-75.392615,39.8730715,@TommyKelly44 @JoeGiglioSports @SportsRadioWIP @PaulHudrick @BobWankelCB @howardeskin This guy Yohnson at 2 is craz‚Ä¶ https://t.co/Wo5PhWIjFE
1517397986120282113,MsJaydeWillow,Fri Apr 22 07:00:46 +0000 2022,-77.101999,38.8808445,"What ‚Äúcrisis‚Äù are you talking about, dipshit?"
1517397986824777735,hmuifheadfire,Fri Apr 22 07:00:46 +0000 2022,-117.0226945,38.502147,familiar with the gas no brakes
1517397988863184896,stallionstackz,Fri Apr 22 07:00:47 +0000 2022,-118.4119065,34.0207895,"And this nigga is fine as shit! 6‚Äô4, muscular, and tatted! I be staring all in this man face üòÇ"
1517397989706268672,LocomotiveEmot1,Fri Apr 22 07:00:47 +0000 2022,-118.76711449999999,34.1908125,@imcfcurves Oh how I wish you would be my muse beautiful Kay!üòòü•∞üòä
1517397992034258945,ColonelDano,Fri Apr 22 07:00:47 +0000 2022,-117.18242162,34.0567924,Good to be playing again. @ The Royal Falconer Pub https://t.co/fYYM7VAh4d
1517397994647089153,lizlovessyhuu,Fri Apr 22 07:00:48 +0000 2022,-122.08577550000001,37.641270500000005,This ‚ÄºÔ∏è
1517397998107611137,freeboydebo,Fri Apr 22 07:00:49 +0000 2022,-73.8494415,40.8503475,@_ParadiseParis1 African women are the best beautiful women on earth üë∏üèæbig facts get that African love it a beautiful thing ‚úäüèæüë∏üèæ
1517398007964045322,JayAviles95,Fri Apr 22 07:00:51 +0000 2022,-121.94729050000001,36.997949,I swear Buffalo sauce be fuckin up my stomach all the time
1517398023172759552,Highpriestjerry,Fri Apr 22 07:00:55 +0000 2022,-80.883981,35.410351000000006,93 iam watching regiment diaries on Netflix on my smart tv. Hail satan. 93s https://t.co/3w3LHiJXoz
1517398026125340672,MichaelErlerSBN,Fri Apr 22 07:00:55 +0000 2022,-122.08577550000001,37.641270500000005,"@GrantBrisbee Things would be better if Obama never happened, imo. Conservatives flipped the hell out when he got e‚Ä¶ https://t.co/fxhS52SVYj"
1517398027006271488,JRMostHated_,Fri Apr 22 07:00:56 +0000 2022,-86.05335600000001,39.492245,This n*gga don‚Äôt get off gtaüòÇ https://t.co/wvIpSj2l4x
1517398031292846082,danwarren6,Fri Apr 22 07:00:57 +0000 2022,-79.2725695,43.629311,@livlightslamp4 Yes Liv you are so right
1517398031875940352,saarrafina,Fri Apr 22 07:00:57 +0000 2022,-83.00208549999999,42.295065,7am to 11pm - McDonald‚Äôs slavery daysü•¥
1517398033859813378,FatherRamonOos,Fri Apr 22 07:00:57 +0000 2022,-95.44648649999999,29.838495,@Stephie_McV The chicken fajitas need to come back
1517398036955213824,geopolytica,Fri Apr 22 07:00:58 +0000 2022,-83.804475,27.698681999999998,Warner Bros. Discovery is shutting down the newly launched CNN+ and is expected to address the closure with staffer‚Ä¶ https://t.co/BLic8RAkse
1517398037194321923,rodgee123,Fri Apr 22 07:00:58 +0000 2022,-74.18522226,40.7841339,"We only have one, love it &amp; care for it! @rich_rockwell @rodgeescao #rodgee123 #earthday #happyearthday‚Ä¶ https://t.co/YUGOSKexGr"
1517398037647089664,Super_DeDe,Fri Apr 22 07:00:58 +0000 2022,-117.9248925,33.8893475,Sassy Jinyoung is best Jinyoung
1517398038620164098,LivingDeadNicol,Fri Apr 22 07:00:58 +0000 2022,-119.7824645,36.786041999999995,Dreamed of @aoimioaoimio beautiful island! pt. 2 https://t.co/2CVJwnT3Kb
1517398040402968576,Albertinfor,Fri Apr 22 07:00:59 +0000 2022,-89.37338,36.0446265,@cielitobebe @Cielitobebe2 OMG ü§§ sexy üñ§
1517398044026703872,niacin118,Fri Apr 22 07:01:00 +0000 2022,-118.4119065,34.0207895,@NunYoBidnessCnt No no my soulmate's dead 9 months ago starting to lose track of the months so no
1517398048728502272,diamonwing,Fri Apr 22 07:01:01 +0000 2022,-117.02246299999999,32.633767,@YoderBeau @AFOtter41 Dm me your barracks and I‚Äôm on my way üòà
1517398051664502784,pdxpolicelog,Fri Apr 22 07:01:02 +0000 2022,-122.56443,45.48317,"NOISE DISTURBANCE at 5400 SE 96TH AVE, PORT [Portland Police #PP22000106135] 23:59 #pdx911"
1517398052557914112,pdxpolicelog,Fri Apr 22 07:01:02 +0000 2022,-122.674422,45.523812,"DISTURBANCE - PRIORITY at NW COUCH ST / NW 4TH AVE, PORT [Portland Police #PP22000106133] 23:51 #pdx911"
1517398056479510528,JudySiglin,Fri Apr 22 07:01:03 +0000 2022,-115.223125,36.232915,@DaleGri02660341 Why is there no POOR?
1517398057616232448,roseburgweather,Fri Apr 22 07:01:03 +0000 2022,-123.341736,43.216503,8 Hr Forecast1 AM-Cloudy-45.0F2 AM-Cloudy-44.0F3 AM-Mostly cloudy-43.0F4 AM-Mostly cloudy-42.0F5 AM-Cloudy-42‚Ä¶ https://t.co/DCEibOirF0
1517398058417508352,livinshrugemoji,Fri Apr 22 07:01:03 +0000 2022,-83.9638415,35.9824705,@amandabb__ I too have covered my face with a pillow for people that don‚Äôt actually exist.
1517398063173697536,HurleyLohr,Fri Apr 22 07:01:04 +0000 2022,-117.397616,33.935822,@NBCNews Fever dreams of delusional people with too much money‚Ä¶ https://t.co/aPu2vYRuvo
1517398068068601858,slaphappycookie,Fri Apr 22 07:01:05 +0000 2022,-82.89425349999999,42.495819499999996,@HighDefDiscNews @alexmovireview @javier078 @The_4KChef @the4kCollectivE First copy I bought 2004 I always liked th‚Ä¶ https://t.co/riAegvEMDY
1517398069561769984,TawnyBartley,Fri Apr 22 07:01:06 +0000 2022,-79.9806895,40.431388999999996,"@AnissaCMTaylor Not only that, you have that taste in your mouth as well as dry mouth &amp; really thirsty."
1517398070018727936,michaelhenke,Fri Apr 22 07:01:06 +0000 2022,-116.7639725,32.8275565,Monitoring the @ukrposhta online shop so you don't have to... Seems like the service is coming back online slowly... https://t.co/xOzVlbE5D2
1517398075194630144,CarlaWVTM13,Fri Apr 22 07:01:07 +0000 2022,-86.760091,33.385555,@DannyProduces @lizzo Sir it‚Äôs too early for all this!
1517398075706277888,gavinnoronha96,Fri Apr 22 07:01:07 +0000 2022,-118.267191,34.043085,A great Thursday night spent with my buddy @NAllan2596 at https://t.co/X9Bvj0yog9 Arena home of the Los Angeles Kin‚Ä¶ https://t.co/55pPVFSvMO
1517398077400928258,ltz_Azzy,Fri Apr 22 07:01:08 +0000 2022,-80.47332449999999,41.233537,Mood swings. üòî
1517398078940139523,thebayanng,Fri Apr 22 07:01:08 +0000 2022,-95.228714,29.6606815,"He‚Äôs also obviously a sadist. He keeps fucking biting ( I like pain, but I hate being bit. Only pain I can‚Äôt stand )"
1517398078231175168,AmySissyMaid1,Fri Apr 22 07:01:08 +0000 2022,-116.845325,32.832843999999994,A good sissy slut will fuck just about any man that she gets attention from. I will nasty as I have to be if it get‚Ä¶ https://t.co/RHCkHAkv9l
1517398081435709441,aliahdomino,Fri Apr 22 07:01:09 +0000 2022,-111.90539000000001,40.3504985,Someone sponsor me through my last 2 finals tomorrow by giving me a caffeinated IV
1517398081310171136,SRHSCareers,Fri Apr 22 07:01:09 +0000 2022,-81.9320482,34.9495672,"Join us on our mission as we promote accountability, integrity, compassion and collaboration. Find out how you can‚Ä¶ https://t.co/dZqya6Lifu"
1517398083415412736,aliahdomino,Fri Apr 22 07:01:09 +0000 2022,-111.90539000000001,40.3504985,Uh if I mix caffeine with NS does it cancel out the potential diuretic effects asking for science
1517398088607956992,Gravemindefile1,Fri Apr 22 07:01:10 +0000 2022,-117.6732545,33.9873325,@Mia18Magic I cant even remember the last time I had a hug let alone a blowjob tbh but then again it's been awhile‚Ä¶ https://t.co/ZpbLIJPBOP
1517398094349881344,kushibo,Fri Apr 22 07:01:12 +0000 2022,-119.30660750000001,37.2691755,@Meidas_LoisLane @AnonOpsSE @KremlinRussia_E Do you suppose someone is slowly poisoning him?
1517398095130095616,Katiempowell_,Fri Apr 22 07:01:12 +0000 2022,-157.91781650000001,21.3748325,choose people who choose you
1517398097315262465,____shewolf,Fri Apr 22 07:01:12 +0000 2022,-116.33487650000001,34.1274155,S‚Äômores for the win. üèï https://t.co/RBVoGGUsf5
1517398101547380736,RUFF_DRAFT,Fri Apr 22 07:01:13 +0000 2022,-122.2286855,37.791994,Be grateful for the people who grant you even the smallest bits of kindness when you truly need it. These people ar‚Ä¶ https://t.co/hOMpUoeMYQ
1517398104772775936,tbabe29,Fri Apr 22 07:01:14 +0000 2022,-122.2286855,37.791994,Wordle 307 3/6‚¨ú‚¨ú‚¨úüü®üü©‚¨úüü©üü©‚¨úüü©üü©üü©üü©üü©üü©
1517398107943620608,Scout20202,Fri Apr 22 07:01:15 +0000 2022,-119.30660750000001,37.2691755,@DNC @harrisonjaime @dccc there is a massive epidemic in the GOP w/pedophiles. We need ads created for midterms lis‚Ä¶ https://t.co/giLFRcegoS
1517398116311384064,techno4dnf,Fri Apr 22 07:01:17 +0000 2022,-97.28591349999999,32.7799665,Why am I just now realizing inosuke‚Äôs spatial awareness &amp; toph‚Äôs seismic sense are so similar to eachother HEAR ME‚Ä¶ https://t.co/9qq0DSNkLQ
1517398119805161473,NoseaspendejoRs,Fri Apr 22 07:01:18 +0000 2022,-106.96603300000001,44.7886575,@AssusReamus And having a üêà‚Äç‚¨õüêà&amp;/orüê∂ü¶Æüêïüêï‚Äçü¶∫!
1517398121772457984,MsJaydeWillow,Fri Apr 22 07:01:18 +0000 2022,-77.101999,38.8808445,@iFiddleDeeDee @debra_caplan You misunderstand‚Ä¶everything.
1517398123227799552,BobMemdez,Fri Apr 22 07:01:19 +0000 2022,-85.7682405,37.822244,@NikkiFried If I still was a resident  if Florida I would  vote for you  Fortunately  for you I have 4 children  a‚Ä¶ https://t.co/SKhNDv5BeY
1517398125803098116,imdaShxt1x,Fri Apr 22 07:01:19 +0000 2022,-90.1580165,32.230987,Fuck my throat I want some dick
1517398132979638273,SpearsVictor,Fri Apr 22 07:01:21 +0000 2022,-96.7617535,32.819858499999995,My Alter ego at it again https://t.co/pQKl0LgqXd
1517398134309093376,Renatomartinjr,Fri Apr 22 07:01:21 +0000 2022,-122.2302225,38.114777000000004,Wordle 307 2/6*‚¨õ‚¨õüü©üü©‚¨õüü©üü©üü©üü©üü©
1517398137098227713,TheatreofZen,Fri Apr 22 07:01:22 +0000 2022,-118.13619349999999,34.1938085,@ErickWeber thanks for the pep talk about how to deal with haters in the TC fandom. üëçüèº
1517398136792178688,PatrickCFoulke,Fri Apr 22 07:01:22 +0000 2022,-82.6694675,40.365159500000004,That slide is dirty. Wait until you come to Cincinnati https://t.co/maE44M3Oy3
1517398140395077643,roger_travail,Fri Apr 22 07:01:23 +0000 2022,-73.723025,45.557830499999994,https://t.co/KojudnoydqMy preferred clubüòØ
1517398144031539202,reazoniam,Fri Apr 22 07:01:24 +0000 2022,-84.917307,32.4823035,Maine man dies after tick bite caused rare brain virus https://t.co/105EtRRs67 @MailOnline
1517398145503617024,dan__brummitt,Fri Apr 22 07:01:24 +0000 2022,-83.0348115,42.3399235,"#Society6: Did someone say 30% OFF? Yep, we sure did. Use code SPRING30 at checkout! -&gt; https://t.co/ZDwPTWGxf5‚Ä¶ https://t.co/biuCn4nooU"
1517398146896338944,_RosieEverAfter,Fri Apr 22 07:01:24 +0000 2022,-83.804475,27.698681999999998,im finally starting the ultimatum üòÖ
1517398152441126912,Prizeraci,Fri Apr 22 07:01:26 +0000 2022,-74.2327845,40.725693500000006,@Truosity It‚Äôs 3am üòï‚Ä¶‚Ä¶‚Ä¶‚Ä¶‚Ä¶‚Ä¶.. lemme get two üòÇüòÇ
1517398153091334145,buzzdixonwriter,Fri Apr 22 07:01:26 +0000 2022,-74.0007613,40.7207559,a big happy dog [POEM]  https://t.co/2XN4NV4V33
1517398163191119872,nw3,Fri Apr 22 07:01:28 +0000 2022,-82.936399,39.964856499999996,@GoodsCapital @RootofGoodBlog Have to make the choice for an affordable house. Most people go big when they pull the trigger.
1517398167519739904,DJScHItso,Fri Apr 22 07:01:29 +0000 2022,-76.255686,36.895082,@Eminem why is it nothing gets resolved until I get angry and start throwing shit before anything gets started to h‚Ä¶ https://t.co/hXARjOzeD5
1517398175312748544,mvniibby1,Fri Apr 22 07:01:31 +0000 2022,-81.705467,41.495939500000006,Ugh.. I‚Äôm watching a clip instead of being the clip
1517398177523118080,_parissopretty,Fri Apr 22 07:01:32 +0000 2022,-84.433106,33.7671945,It‚Äôs only my dumb ass that be going out my way ü§¶üèæ‚Äç‚ôÄÔ∏è
1517398178324119552,damian17k,Fri Apr 22 07:01:32 +0000 2022,-118.4119065,34.0207895,DONT RUN DONT TRIP
1517398180375105536,HazelnutMocha69,Fri Apr 22 07:01:32 +0000 2022,-120.58340150000001,44.1454365,Wordle 307 4/6üü®‚¨õ‚¨õ‚¨õ‚¨õ‚¨õüü®üü©‚¨õ‚¨õüü©‚¨õüü©‚¨õ‚¨õüü©üü©üü©üü©üü©
1517398181054750721,AftonAphmau,Fri Apr 22 07:01:32 +0000 2022,-92.13127399999999,34.7519365,@DestroyerKiev Z73: she sees that I am in my baby kitsune form
1517398183294357504,Savage_Memes_IG,Fri Apr 22 07:01:33 +0000 2022,-118.16894531,34.10270799,teenagers moment https://t.co/oFGOuOksdV
1517398186494730240,GloriaIsWriting,Fri Apr 22 07:01:34 +0000 2022,-117.71606974,48.27946786,"Just posted a photo @ Stevens County, Washington https://t.co/bHcWSTmXN1"
1517398189585936384,charlesc82,Fri Apr 22 07:01:34 +0000 2022,-116.23659,33.676184,"I'm at Safari Campground in Indio, CA https://t.co/FdSYNQJLQa"
1517398191917830146,LakeGirl530,Fri Apr 22 07:01:35 +0000 2022,-119.9873565,38.893409000000005,@NikaMelkozerova Praying for the rain to go away!
1517398194493210624,perksofmarii,Fri Apr 22 07:01:36 +0000 2022,-98.5406515,29.417501,@aalovin lol if only
1517398195197947904,WooWeeDatGood,Fri Apr 22 07:01:36 +0000 2022,-89.87644900000001,32.571032,@JDMorgan happy birthday from me and sadie. your fans love and appreciate you. I hope you have a great day and many‚Ä¶ https://t.co/6ofAH68Lv6
1517398195944497153,c13886309,Fri Apr 22 07:01:36 +0000 2022,-86.793917,33.5422375,Calm down Joe this has to be done decent and in order it‚Äôs nothing but another form of bullying my only interest is‚Ä¶ https://t.co/AioIkb0wqp
1517398198435864576,CuzinSkeetOnHer,Fri Apr 22 07:01:37 +0000 2022,-86.1429225,39.7795625,I know her twerk wind stinks
1517398198653911041,gregkhngsoliven,Fri Apr 22 07:01:37 +0000 2022,-122.630908,45.536402,Wordle 307 2/6‚¨õ‚¨õüü©üü©‚¨õüü©üü©üü©üü©üü©ayyyyy
1517398201585868802,TPIndex,Fri Apr 22 07:01:37 +0000 2022,-77.4169,39.4282,49¬∫F and Clear. ü§∑‚Äç‚ôÇÔ∏è #FrederickMD #mdWX
1517398202907037696,RichyWarbucks,Fri Apr 22 07:01:38 +0000 2022,-87.732013,41.8335845,"You gotta do it in front of a mirror with your hand holding her head up so y‚Äôall see each other, and say ‚Äúgood girl‚Ä¶ https://t.co/Ch8UytjQiV"
1517398209806536704,BrucePerdu,Fri Apr 22 07:01:39 +0000 2022,-111.992317,40.6030705,Where do Marine Le Pen and Emmanuel Macron stand on foreign policy issues? FRANCE 24 compares the French presidenti‚Ä¶ https://t.co/h5jXqirzk6
1517398209953341440,dan__brummitt,Fri Apr 22 07:01:39 +0000 2022,-86.27053950000001,45.001180000000005,"#Society6: Did someone say 30% OFF? Yep, we sure did. Use code SPRING30 at checkout! -&gt; https://t.co/ZDwPTWGxf5‚Ä¶ https://t.co/baVCYDULRu"
1517398211786334208,NevettaKaye,Fri Apr 22 07:01:40 +0000 2022,-98.5406515,29.417501,Legend
1517398212197466114,refedorick,Fri Apr 22 07:01:40 +0000 2022,-72.802142,40.86183,@Mahogany_Mama What happened to 7 since he put on the Nets jersey? Lol hes got 2 left feet? Lol he sucks now. Like‚Ä¶ https://t.co/XnvPVDSKgw
1517398213363478529,samvance,Fri Apr 22 07:01:40 +0000 2022,-82.985772,39.9946835,The Ewan McGregor @Expedia ad is really good
1517398223069007874,Throat4U_,Fri Apr 22 07:01:42 +0000 2022,-87.93112500000001,43.1261175,Who in dallas?
1517398224218247169,peachyjamiee,Fri Apr 22 07:01:43 +0000 2022,-84.4567055,39.0334,"i missed dis game sm (,:ft. the fit sabs made for me (¬† Íí¶‡∫¥Íí≥Íí¶‡∫µ) https://t.co/clWsIKy4tT"
1517398224683683840,semajsantana,Fri Apr 22 07:01:43 +0000 2022,-118.2480625,33.839611500000004,dreams &amp; nightmares and from the d to the a is cali nigga‚Äôs anthems
1517398224138432512,LivingDeadNicol,Fri Apr 22 07:01:43 +0000 2022,-119.7824645,36.786041999999995,Dreamed of @aoimioaoimio beautiful island! pt. 3 https://t.co/3toisSqonh
1517398226969714688,Sir_Vern,Fri Apr 22 07:01:43 +0000 2022,-85.6215895,38.29245,Always fight for things you want but if you lose the fight - remember you weren‚Äôt a quitter‚Ä¶
1517398227691073537,daegudplace,Fri Apr 22 07:01:44 +0000 2022,-118.4119065,34.0207895,my first ever BTS in-person concert experience ‚ô°circa 2204https://t.co/b2vevuED64
1517398237803544576,dogdadCA,Fri Apr 22 07:01:46 +0000 2022,-116.237907,33.7446325,@christoforri @MariannEmieMori @johnpavlovitz What kind of people am I?
1517398238277607424,testgeo2021,Fri Apr 22 07:01:46 +0000 2022,-119.30660750000001,37.2691755,TEST_GEO_Hierarchy: 2b4fae13-79d0-453f-bbf9-3af388d1f708
1517398239602905088,ijayt205,Fri Apr 22 07:01:46 +0000 2022,-115.223125,36.232915,It‚Äôs the taste! Because YES üî•üò©‚ù§Ô∏è‚Äçüî• https://t.co/gEMTH9U0l4
1517398242094456832,Dsquared75,Fri Apr 22 07:01:47 +0000 2022,-77.101999,38.8808445,#MadisonCawthorn caught LAWBREAKING again driving on a suspended license
1517398244623540225,FERNVNDO864,Fri Apr 22 07:01:48 +0000 2022,-95.44648649999999,29.838495,"MY NEW SONG ""WHO WOULD'VE THOUGHT"" IS OUT NOW ON ALL STREAMING PLATFORMS!! https://t.co/ejZ68pSjYl"
1517398245365800960,floooaady,Fri Apr 22 07:01:48 +0000 2022,-118.4119065,34.0207895,@Yaga_yawww @AlexisIsKavkas @AliquamScripto Yep. Its about half a billion according to reports. They take out the c‚Ä¶ https://t.co/0XlZqogSHO
1517398246267707394,saarrafina,Fri Apr 22 07:01:48 +0000 2022,-83.00208549999999,42.295065,Exactly why I only go to Dave concerts
1517398249019043840,rattlerninja,Fri Apr 22 07:01:49 +0000 2022,-118.4119065,34.0207895,"Eveready to lift sturdy-looking table, in case of a nuclear blast!!"
1517398253116948480,Kennsstter,Fri Apr 22 07:01:50 +0000 2022,-119.82869550000001,34.439463,so who‚Äôs giving away their Coachella ticket? üëÄ
1517398254857580544,Reyna6MCFC,Fri Apr 22 07:01:50 +0000 2022,-117.386642,34.0976985,@brianmcfc2 @OlaCityBoi Fb mate
1517398254937387008,samurai_antonio,Fri Apr 22 07:01:50 +0000 2022,-98.5406515,29.417501,"""Trump should resign"". -Speaker Kevin McCarthy"
1517398256770236416,Sicelo_11,Fri Apr 22 07:01:50 +0000 2022,24.669943000000004,-28.4794855,The boy can hoop‚Ä¶ Saw his highlights.
1517398257575604227,VanCarlito2003,Fri Apr 22 07:01:51 +0000 2022,-97.1356375,32.70185,Lol at stolen copies!
1517398258468806656,angeluhhh_dh,Fri Apr 22 07:01:51 +0000 2022,-118.4119065,34.0207895,FINALLY SAW MY BESTIE TODAYYYü•πü•πü´∂ü´∂
1517398264470859777,MaterialGirl850,Fri Apr 22 07:01:52 +0000 2022,-118.4119065,34.0207895,Getting caught in a downpour wasn't something I expected to happen during my trip to #TCMFF. https://t.co/FIGZXgwpCk
1517398269399343104,EricEyyup,Fri Apr 22 07:01:53 +0000 2022,-74.030317,40.76662,@ShwetaKukreja_ We HAVE TO change that culture
1517398269797625856,aliahdomino,Fri Apr 22 07:01:54 +0000 2022,-111.90539000000001,40.3504985,@CelestialG pls advise
1517398273820008454,SaulAlejandr00,Fri Apr 22 07:01:55 +0000 2022,-122.2286855,37.791994,I‚Äôll never forget when @RandyOrton did the RKO on the Fabulous Moolah  https://t.co/gSveojt2RB
1517398274004733952,NumeroUno87,Fri Apr 22 07:01:55 +0000 2022,-82.985772,39.9946835,Looking for hot üçë to collab with getting bored beating my üçñ
1517398275187478528,Damski32,Fri Apr 22 07:01:55 +0000 2022,-79.820465,43.381395999999995,@falcfans !!! Get it done lol
1517398276185542656,harryslack,Fri Apr 22 07:01:55 +0000 2022,-117.03898699999999,32.7326265,@haaailss__ Wait until you use it! Straight dumpster üî•
1517398277578240000,moneyman_whip,Fri Apr 22 07:01:55 +0000 2022,-81.2831215,28.784184,Nah fr. Loui n Teddy got to die. They ruined everything over greed and jealousy
1517398283802587136,danthedemonrx,Fri Apr 22 07:01:57 +0000 2022,-96.6021425,32.7749375,think im the only person up rn
1517398283911532544,backdoorTONE,Fri Apr 22 07:01:57 +0000 2022,-118.4119065,34.0207895,Get your confidence up now because da longer my hair grows da harder yo ego gon get crushed .
1517398284649648130,bigDanK1280,Fri Apr 22 07:01:57 +0000 2022,-116.7937445,47.701786999999996,Back home in Idaho. Super long drive! Have the rough tracks. Will see after mixing if anything was really any good.‚Ä¶ https://t.co/tEMHUOe4ZH
1517398289628475392,TPIndex,Fri Apr 22 07:01:58 +0000 2022,-76.9959,39.5753,"Great Scott, it's Clear and 48¬∫F! #WestminsterMD #mdWX"
